{
  "/notch/drone0/pos": {
    "timestamps": [
      3838968752.036354,
      3838968752.036572,
      3838968752.088973,
      3838968752.089168,
      3838968754.028622,
      3838968754.028819,
      3838968754.135146,
      3838968754.135351,
      3838968754.526037,
      3838968754.546519,
      3838968755.025178,
      3838968755.058971
    ],
    "samples": [
      [
        -1.2699999809265137,
        -1.3300000429153442,
        0.6200000047683716
      ],
      [
        -1.2999999523162842,
        -1.3300000429153442,
        0.6200000047683716
      ],
      [
        -1.2699999809265137,
        -1.3300000429153442,
        0.6200000047683716
      ],
      [
        -1.2999999523162842,
        -1.3300000429153442,
        0.6200000047683716
      ],
      [
        -1.2999999523162842,
        -1.3300000429153442,
        0.5799999833106995
      ],
      [
        -1.2999999523162842,
        -1.3200000524520874,
        0.5799999833106995
      ],
      [
        -1.2999999523162842,
        -1.3300000429153442,
        0.5799999833106995
      ],
      [
        -1.2999999523162842,
        -1.3200000524520874,
        0.5799999833106995
      ],
      [
        -1.2999999523162842,
        -1.3200000524520874,
        0.5600000023841858
      ],
      [
        -1.2999999523162842,
        -1.3200000524520874,
        0.5600000023841858
      ],
      [
        -1.2999999523162842,
        -1.309999942779541,
        0.5600000023841858
      ],
      [
        -1.2999999523162842,
        -1.309999942779541,
        0.5600000023841858
      ]
    ]
  },
  "/notch/drone4/pos": {
    "timestamps": [
      3838968752.53421,
      3838968752.534419,
      3838968752.534581,
      3838968752.601391,
      3838968752.601582,
      3838968752.601743
    ],
    "samples": [
      [
        -1.2699999809265137,
        -1.309999942779541,
        0.6000000238418579
      ],
      [
        -1.2699999809265137,
        -1.3300000429153442,
        0.6000000238418579
      ],
      [
        -1.2999999523162842,
        -1.3300000429153442,
        0.6000000238418579
      ],
      [
        -1.2699999809265137,
        -1.309999942779541,
        0.6000000238418579
      ],
      [
        -1.2699999809265137,
        -1.3300000429153442,
        0.6000000238418579
      ],
      [
        -1.2999999523162842,
        -1.3300000429153442,
        0.6000000238418579
      ]
    ]
  },
  "/notch/drone1/pos": {
    "timestamps": [
      3838968755.024993,
      3838968755.058777
    ],
    "samples": [
      [
        -1.2999999523162842,
        -1.2999999523162842,
        0.5899999737739563
      ],
      [
        -1.2999999523162842,
        -1.2999999523162842,
        0.5899999737739563
      ]
    ]
  }
}