{
  "/notch/drone3/pos": {
    "timestamps": [
      3838967762.738343,
      3838967762.738639,
      3838967762.738871,
      3838967762.739044,
      3838967762.972188,
      3838967762.99621
    ],
    "samples": [
      [
        -1.2899999618530273,
        -1.1699999570846558,
        0.8100000023841858
      ],
      [
        -1.2999999523162842,
        -1.1699999570846558,
        0.8100000023841858
      ],
      [
        -1.2899999618530273,
        -1.1699999570846558,
        0.8100000023841858
      ],
      [
        -1.2999999523162842,
        -1.1699999570846558,
        0.8100000023841858
      ],
      [
        -1.2899999618530273,
        -1.1699999570846558,
        0.8100000023841858
      ],
      [
        -1.2899999618530273,
        -1.1699999570846558,
        0.8100000023841858
      ]
    ]
  },
  "/notch/drone4/pos": {
    "timestamps": [
      3838967762.972372,
      3838967762.996512
    ],
    "samples": [
      [
        -1.2899999618530273,
        -1.1699999570846558,
        0.8100000023841858
      ],
      [
        -1.2899999618530273,
        -1.1699999570846558,
        0.8100000023841858
      ]
    ]
  },
  "/notch/drone0/pos": {
    "timestamps": [
      3838967764.461434,
      3838967764.533713,
      3838967765.957522,
      3838967765.957779,
      3838967765.957949,
      3838967766.066895,
      3838967766.067116,
      3838967766.067302
    ],
    "samples": [
      [
        -1.309999942779541,
        -1.1699999570846558,
        0.7900000214576721
      ],
      [
        -1.309999942779541,
        -1.1699999570846558,
        0.7900000214576721
      ],
      [
        -1.309999942779541,
        -1.1699999570846558,
        0.8500000238418579
      ],
      [
        -1.309999942779541,
        -1.1799999475479126,
        0.8500000238418579
      ],
      [
        -1.3200000524520874,
        -1.1799999475479126,
        0.8500000238418579
      ],
      [
        -1.309999942779541,
        -1.1699999570846558,
        0.8500000238418579
      ],
      [
        -1.309999942779541,
        -1.1799999475479126,
        0.8500000238418579
      ],
      [
        -1.3200000524520874,
        -1.1799999475479126,
        0.8500000238418579
      ]
    ]
  },
  "/notch/drone2/pos": {
    "timestamps": [
      3838967764.959666,
      3838967764.959882,
      3838967764.960045,
      3838967765.044939,
      3838967765.045146,
      3838967765.045309
    ],
    "samples": [
      [
        -1.2899999618530273,
        -1.1699999570846558,
        0.8299999833106995
      ],
      [
        -1.2899999618530273,
        -1.1799999475479126,
        0.8299999833106995
      ],
      [
        -1.309999942779541,
        -1.1799999475479126,
        0.8299999833106995
      ],
      [
        -1.2899999618530273,
        -1.1699999570846558,
        0.8299999833106995
      ],
      [
        -1.2899999618530273,
        -1.1799999475479126,
        0.8299999833106995
      ],
      [
        -1.309999942779541,
        -1.1799999475479126,
        0.8299999833106995
      ]
    ]
  },
  "/notch/drone1/pos": {
    "timestamps": [
      3838967765.4665,
      3838967765.466737,
      3838967765.466901,
      3838967765.556851,
      3838967765.557052,
      3838967765.557215,
      3838967766.45406,
      3838967766.478337
    ],
    "samples": [
      [
        -1.309999942779541,
        -1.190000057220459,
        0.7599999904632568
      ],
      [
        -1.309999942779541,
        -1.190000057220459,
        0.8399999737739563
      ],
      [
        -1.309999942779541,
        -1.1799999475479126,
        0.8399999737739563
      ],
      [
        -1.309999942779541,
        -1.190000057220459,
        0.7599999904632568
      ],
      [
        -1.309999942779541,
        -1.190000057220459,
        0.8399999737739563
      ],
      [
        -1.309999942779541,
        -1.1799999475479126,
        0.8399999737739563
      ],
      [
        -1.3200000524520874,
        -1.1799999475479126,
        0.8399999737739563
      ],
      [
        -1.3200000524520874,
        -1.1799999475479126,
        0.8399999737739563
      ]
    ]
  }
}